Chute,Camera,file_name,label_name,label_code
02,01,chute02cam01_400.jpg,falling,1
02,01,chute02cam01_401.jpg,falling,1
02,01,chute02cam01_402.jpg,falling,1
02,01,chute02cam01_403.jpg,falling,1
02,01,chute02cam01_404.jpg,falling,1
02,01,chute02cam01_405.jpg,falling,1
02,01,chute02cam01_406.jpg,falling,1
02,01,chute02cam01_407.jpg,falling,1
02,01,chute02cam01_408.jpg,falling,1
02,01,chute02cam01_409.jpg,falling,1
02,01,chute02cam01_410.jpg,falling,1
02,01,chute02cam01_411.jpg,falling,1
02,01,chute02cam01_412.jpg,falling,1
02,01,chute02cam01_413.jpg,falling,1
02,01,chute02cam01_414.jpg,falling,1
02,01,chute02cam01_415.jpg,falling,1
02,01,chute02cam01_416.jpg,falling,1
02,01,chute02cam01_417.jpg,falling,1
02,01,chute02cam01_418.jpg,falling,1
02,01,chute02cam01_419.jpg,falling,1
02,01,chute02cam01_420.jpg,falling,1
02,01,chute02cam01_421.jpg,falling,1
02,01,chute02cam01_422.jpg,falling,1
02,01,chute02cam01_423.jpg,falling,1
02,01,chute02cam01_424.jpg,falling,1
02,02,chute02cam02_415.jpg,falling,1
02,02,chute02cam02_416.jpg,falling,1
02,02,chute02cam02_417.jpg,falling,1
02,02,chute02cam02_418.jpg,falling,1
02,02,chute02cam02_419.jpg,falling,1
02,02,chute02cam02_420.jpg,falling,1
02,02,chute02cam02_421.jpg,falling,1
02,02,chute02cam02_422.jpg,falling,1
02,02,chute02cam02_423.jpg,falling,1
02,02,chute02cam02_424.jpg,falling,1
02,02,chute02cam02_425.jpg,falling,1
02,02,chute02cam02_426.jpg,falling,1
02,02,chute02cam02_427.jpg,falling,1
02,02,chute02cam02_428.jpg,falling,1
02,02,chute02cam02_429.jpg,falling,1
02,02,chute02cam02_430.jpg,falling,1
02,02,chute02cam02_431.jpg,falling,1
02,02,chute02cam02_432.jpg,falling,1
02,02,chute02cam02_433.jpg,falling,1
02,02,chute02cam02_434.jpg,falling,1
02,02,chute02cam02_435.jpg,falling,1
02,02,chute02cam02_436.jpg,falling,1
02,02,chute02cam02_437.jpg,falling,1
02,02,chute02cam02_438.jpg,falling,1
02,02,chute02cam02_439.jpg,falling,1
02,03,chute02cam03_375.jpg,falling,1
02,03,chute02cam03_376.jpg,falling,1
02,03,chute02cam03_377.jpg,falling,1
02,03,chute02cam03_378.jpg,falling,1
02,03,chute02cam03_379.jpg,falling,1
02,03,chute02cam03_380.jpg,falling,1
02,03,chute02cam03_381.jpg,falling,1
02,03,chute02cam03_382.jpg,falling,1
02,03,chute02cam03_383.jpg,falling,1
02,03,chute02cam03_384.jpg,falling,1
02,03,chute02cam03_385.jpg,falling,1
02,03,chute02cam03_386.jpg,falling,1
02,03,chute02cam03_387.jpg,falling,1
02,03,chute02cam03_388.jpg,falling,1
02,03,chute02cam03_389.jpg,falling,1
02,03,chute02cam03_390.jpg,falling,1
02,03,chute02cam03_391.jpg,falling,1
02,03,chute02cam03_392.jpg,falling,1
02,03,chute02cam03_393.jpg,falling,1
02,03,chute02cam03_394.jpg,falling,1
02,03,chute02cam03_395.jpg,falling,1
02,03,chute02cam03_396.jpg,falling,1
02,03,chute02cam03_397.jpg,falling,1
02,03,chute02cam03_398.jpg,falling,1
02,03,chute02cam03_399.jpg,falling,1
02,04,chute02cam04_391.jpg,falling,1
02,04,chute02cam04_392.jpg,falling,1
02,04,chute02cam04_393.jpg,falling,1
02,04,chute02cam04_394.jpg,falling,1
02,04,chute02cam04_395.jpg,falling,1
02,04,chute02cam04_396.jpg,falling,1
02,04,chute02cam04_397.jpg,falling,1
02,04,chute02cam04_398.jpg,falling,1
02,04,chute02cam04_399.jpg,falling,1
02,04,chute02cam04_400.jpg,falling,1
02,04,chute02cam04_401.jpg,falling,1
02,04,chute02cam04_402.jpg,falling,1
02,04,chute02cam04_403.jpg,falling,1
02,04,chute02cam04_404.jpg,falling,1
02,04,chute02cam04_405.jpg,falling,1
02,04,chute02cam04_406.jpg,falling,1
02,04,chute02cam04_407.jpg,falling,1
02,04,chute02cam04_408.jpg,falling,1
02,04,chute02cam04_409.jpg,falling,1
02,04,chute02cam04_410.jpg,falling,1
02,04,chute02cam04_411.jpg,falling,1
02,04,chute02cam04_412.jpg,falling,1
02,04,chute02cam04_413.jpg,falling,1
02,04,chute02cam04_414.jpg,falling,1
02,04,chute02cam04_415.jpg,falling,1
02,05,chute02cam05_393.jpg,falling,1
02,05,chute02cam05_394.jpg,falling,1
02,05,chute02cam05_395.jpg,falling,1
02,05,chute02cam05_396.jpg,falling,1
02,05,chute02cam05_397.jpg,falling,1
02,05,chute02cam05_398.jpg,falling,1
02,05,chute02cam05_399.jpg,falling,1
02,05,chute02cam05_400.jpg,falling,1
02,05,chute02cam05_401.jpg,falling,1
02,05,chute02cam05_402.jpg,falling,1
02,05,chute02cam05_403.jpg,falling,1
02,05,chute02cam05_404.jpg,falling,1
02,05,chute02cam05_405.jpg,falling,1
02,05,chute02cam05_406.jpg,falling,1
02,05,chute02cam05_407.jpg,falling,1
02,05,chute02cam05_408.jpg,falling,1
02,05,chute02cam05_409.jpg,falling,1
02,05,chute02cam05_410.jpg,falling,1
02,05,chute02cam05_411.jpg,falling,1
02,05,chute02cam05_412.jpg,falling,1
02,05,chute02cam05_413.jpg,falling,1
02,05,chute02cam05_414.jpg,falling,1
02,05,chute02cam05_415.jpg,falling,1
02,05,chute02cam05_416.jpg,falling,1
02,05,chute02cam05_417.jpg,falling,1
02,06,chute02cam06_408.jpg,falling,1
02,06,chute02cam06_409.jpg,falling,1
02,06,chute02cam06_410.jpg,falling,1
02,06,chute02cam06_411.jpg,falling,1
02,06,chute02cam06_412.jpg,falling,1
02,06,chute02cam06_413.jpg,falling,1
02,06,chute02cam06_414.jpg,falling,1
02,06,chute02cam06_415.jpg,falling,1
02,06,chute02cam06_416.jpg,falling,1
02,06,chute02cam06_417.jpg,falling,1
02,06,chute02cam06_418.jpg,falling,1
02,06,chute02cam06_419.jpg,falling,1
02,06,chute02cam06_420.jpg,falling,1
02,06,chute02cam06_421.jpg,falling,1
02,06,chute02cam06_422.jpg,falling,1
02,06,chute02cam06_423.jpg,falling,1
02,06,chute02cam06_424.jpg,falling,1
02,06,chute02cam06_425.jpg,falling,1
02,06,chute02cam06_426.jpg,falling,1
02,06,chute02cam06_427.jpg,falling,1
02,06,chute02cam06_428.jpg,falling,1
02,06,chute02cam06_429.jpg,falling,1
02,06,chute02cam06_430.jpg,falling,1
02,06,chute02cam06_431.jpg,falling,1
02,06,chute02cam06_432.jpg,falling,1
02,07,chute02cam07_408.jpg,falling,1
02,07,chute02cam07_409.jpg,falling,1
02,07,chute02cam07_410.jpg,falling,1
02,07,chute02cam07_411.jpg,falling,1
02,07,chute02cam07_412.jpg,falling,1
02,07,chute02cam07_413.jpg,falling,1
02,07,chute02cam07_414.jpg,falling,1
02,07,chute02cam07_415.jpg,falling,1
02,07,chute02cam07_416.jpg,falling,1
02,07,chute02cam07_417.jpg,falling,1
02,07,chute02cam07_418.jpg,falling,1
02,07,chute02cam07_419.jpg,falling,1
02,07,chute02cam07_420.jpg,falling,1
02,07,chute02cam07_421.jpg,falling,1
02,07,chute02cam07_422.jpg,falling,1
02,07,chute02cam07_423.jpg,falling,1
02,07,chute02cam07_424.jpg,falling,1
02,07,chute02cam07_425.jpg,falling,1
02,07,chute02cam07_426.jpg,falling,1
02,07,chute02cam07_427.jpg,falling,1
02,07,chute02cam07_428.jpg,falling,1
02,07,chute02cam07_429.jpg,falling,1
02,07,chute02cam07_430.jpg,falling,1
02,07,chute02cam07_431.jpg,falling,1
02,07,chute02cam07_432.jpg,falling,1
02,08,chute02cam08_381.jpg,falling,1
02,08,chute02cam08_382.jpg,falling,1
02,08,chute02cam08_383.jpg,falling,1
02,08,chute02cam08_384.jpg,falling,1
02,08,chute02cam08_385.jpg,falling,1
02,08,chute02cam08_386.jpg,falling,1
02,08,chute02cam08_387.jpg,falling,1
02,08,chute02cam08_388.jpg,falling,1
02,08,chute02cam08_389.jpg,falling,1
02,08,chute02cam08_390.jpg,falling,1
02,08,chute02cam08_391.jpg,falling,1
02,08,chute02cam08_392.jpg,falling,1
02,08,chute02cam08_393.jpg,falling,1
02,08,chute02cam08_394.jpg,falling,1
02,08,chute02cam08_395.jpg,falling,1
02,08,chute02cam08_396.jpg,falling,1
02,08,chute02cam08_397.jpg,falling,1
02,08,chute02cam08_398.jpg,falling,1
02,08,chute02cam08_399.jpg,falling,1
02,08,chute02cam08_400.jpg,falling,1
02,08,chute02cam08_401.jpg,falling,1
02,08,chute02cam08_402.jpg,falling,1
02,08,chute02cam08_403.jpg,falling,1
02,08,chute02cam08_404.jpg,falling,1
02,08,chute02cam08_405.jpg,falling,1
05,01,chute05cam01_328.jpg,falling,1
05,01,chute05cam01_329.jpg,falling,1
05,01,chute05cam01_330.jpg,falling,1
05,01,chute05cam01_331.jpg,falling,1
05,01,chute05cam01_332.jpg,falling,1
05,01,chute05cam01_333.jpg,falling,1
05,01,chute05cam01_334.jpg,falling,1
05,01,chute05cam01_335.jpg,falling,1
05,01,chute05cam01_336.jpg,falling,1
05,01,chute05cam01_337.jpg,falling,1
05,01,chute05cam01_338.jpg,falling,1
05,01,chute05cam01_339.jpg,falling,1
05,01,chute05cam01_340.jpg,falling,1
05,01,chute05cam01_341.jpg,falling,1
05,01,chute05cam01_342.jpg,falling,1
05,01,chute05cam01_343.jpg,falling,1
05,01,chute05cam01_344.jpg,falling,1
05,01,chute05cam01_345.jpg,falling,1
05,01,chute05cam01_346.jpg,falling,1
05,01,chute05cam01_347.jpg,falling,1
05,01,chute05cam01_348.jpg,falling,1
05,01,chute05cam01_349.jpg,falling,1
05,01,chute05cam01_350.jpg,falling,1
05,01,chute05cam01_351.jpg,falling,1
05,01,chute05cam01_352.jpg,falling,1
05,01,chute05cam01_353.jpg,falling,1
05,02,chute05cam02_335.jpg,falling,1
05,02,chute05cam02_336.jpg,falling,1
05,02,chute05cam02_337.jpg,falling,1
05,02,chute05cam02_338.jpg,falling,1
05,02,chute05cam02_339.jpg,falling,1
05,02,chute05cam02_340.jpg,falling,1
05,02,chute05cam02_341.jpg,falling,1
05,02,chute05cam02_342.jpg,falling,1
05,02,chute05cam02_343.jpg,falling,1
05,02,chute05cam02_344.jpg,falling,1
05,02,chute05cam02_345.jpg,falling,1
05,02,chute05cam02_346.jpg,falling,1
05,02,chute05cam02_347.jpg,falling,1
05,02,chute05cam02_348.jpg,falling,1
05,02,chute05cam02_349.jpg,falling,1
05,02,chute05cam02_350.jpg,falling,1
05,02,chute05cam02_351.jpg,falling,1
05,02,chute05cam02_352.jpg,falling,1
05,02,chute05cam02_353.jpg,falling,1
05,02,chute05cam02_354.jpg,falling,1
05,02,chute05cam02_355.jpg,falling,1
05,02,chute05cam02_356.jpg,falling,1
05,02,chute05cam02_357.jpg,falling,1
05,02,chute05cam02_358.jpg,falling,1
05,02,chute05cam02_359.jpg,falling,1
05,02,chute05cam02_360.jpg,falling,1
05,03,chute05cam03_316.jpg,falling,1
05,03,chute05cam03_317.jpg,falling,1
05,03,chute05cam03_318.jpg,falling,1
05,03,chute05cam03_319.jpg,falling,1
05,03,chute05cam03_320.jpg,falling,1
05,03,chute05cam03_321.jpg,falling,1
05,03,chute05cam03_322.jpg,falling,1
05,03,chute05cam03_323.jpg,falling,1
05,03,chute05cam03_324.jpg,falling,1
05,03,chute05cam03_325.jpg,falling,1
05,03,chute05cam03_326.jpg,falling,1
05,03,chute05cam03_327.jpg,falling,1
05,03,chute05cam03_328.jpg,falling,1
05,03,chute05cam03_329.jpg,falling,1
05,03,chute05cam03_330.jpg,falling,1
05,03,chute05cam03_331.jpg,falling,1
05,03,chute05cam03_332.jpg,falling,1
05,03,chute05cam03_333.jpg,falling,1
05,03,chute05cam03_334.jpg,falling,1
05,03,chute05cam03_335.jpg,falling,1
05,03,chute05cam03_336.jpg,falling,1
05,03,chute05cam03_337.jpg,falling,1
05,03,chute05cam03_338.jpg,falling,1
05,03,chute05cam03_339.jpg,falling,1
05,03,chute05cam03_340.jpg,falling,1
05,03,chute05cam03_341.jpg,falling,1
05,04,chute05cam04_322.jpg,falling,1
05,04,chute05cam04_323.jpg,falling,1
05,04,chute05cam04_324.jpg,falling,1
05,04,chute05cam04_325.jpg,falling,1
05,04,chute05cam04_326.jpg,falling,1
05,04,chute05cam04_327.jpg,falling,1
05,04,chute05cam04_328.jpg,falling,1
05,04,chute05cam04_329.jpg,falling,1
05,04,chute05cam04_330.jpg,falling,1
05,04,chute05cam04_331.jpg,falling,1
05,04,chute05cam04_332.jpg,falling,1
05,04,chute05cam04_333.jpg,falling,1
05,04,chute05cam04_334.jpg,falling,1
05,04,chute05cam04_335.jpg,falling,1
05,04,chute05cam04_336.jpg,falling,1
05,04,chute05cam04_337.jpg,falling,1
05,04,chute05cam04_338.jpg,falling,1
05,04,chute05cam04_339.jpg,falling,1
05,04,chute05cam04_340.jpg,falling,1
05,04,chute05cam04_341.jpg,falling,1
05,04,chute05cam04_342.jpg,falling,1
05,04,chute05cam04_343.jpg,falling,1
05,04,chute05cam04_344.jpg,falling,1
05,04,chute05cam04_345.jpg,falling,1
05,04,chute05cam04_346.jpg,falling,1
05,04,chute05cam04_347.jpg,falling,1
05,05,chute05cam05_329.jpg,falling,1
05,05,chute05cam05_330.jpg,falling,1
05,05,chute05cam05_331.jpg,falling,1
05,05,chute05cam05_332.jpg,falling,1
05,05,chute05cam05_333.jpg,falling,1
05,05,chute05cam05_334.jpg,falling,1
05,05,chute05cam05_335.jpg,falling,1
05,05,chute05cam05_336.jpg,falling,1
05,05,chute05cam05_337.jpg,falling,1
05,05,chute05cam05_338.jpg,falling,1
05,05,chute05cam05_339.jpg,falling,1
05,05,chute05cam05_340.jpg,falling,1
05,05,chute05cam05_341.jpg,falling,1
05,05,chute05cam05_342.jpg,falling,1
05,05,chute05cam05_343.jpg,falling,1
05,05,chute05cam05_344.jpg,falling,1
05,05,chute05cam05_345.jpg,falling,1
05,05,chute05cam05_346.jpg,falling,1
05,05,chute05cam05_347.jpg,falling,1
05,05,chute05cam05_348.jpg,falling,1
05,05,chute05cam05_349.jpg,falling,1
05,05,chute05cam05_350.jpg,falling,1
05,05,chute05cam05_351.jpg,falling,1
05,05,chute05cam05_352.jpg,falling,1
05,05,chute05cam05_353.jpg,falling,1
05,05,chute05cam05_354.jpg,falling,1
05,06,chute05cam06_337.jpg,falling,1
05,06,chute05cam06_338.jpg,falling,1
05,06,chute05cam06_339.jpg,falling,1
05,06,chute05cam06_340.jpg,falling,1
05,06,chute05cam06_341.jpg,falling,1
05,06,chute05cam06_342.jpg,falling,1
05,06,chute05cam06_343.jpg,falling,1
05,06,chute05cam06_344.jpg,falling,1
05,06,chute05cam06_345.jpg,falling,1
05,06,chute05cam06_346.jpg,falling,1
05,06,chute05cam06_347.jpg,falling,1
05,06,chute05cam06_348.jpg,falling,1
05,06,chute05cam06_349.jpg,falling,1
05,06,chute05cam06_350.jpg,falling,1
05,06,chute05cam06_351.jpg,falling,1
05,06,chute05cam06_352.jpg,falling,1
05,06,chute05cam06_353.jpg,falling,1
05,06,chute05cam06_354.jpg,falling,1
05,06,chute05cam06_355.jpg,falling,1
05,06,chute05cam06_356.jpg,falling,1
05,06,chute05cam06_357.jpg,falling,1
05,06,chute05cam06_358.jpg,falling,1
05,06,chute05cam06_359.jpg,falling,1
05,06,chute05cam06_360.jpg,falling,1
05,06,chute05cam06_361.jpg,falling,1
05,06,chute05cam06_362.jpg,falling,1
05,07,chute05cam07_339.jpg,falling,1
05,07,chute05cam07_340.jpg,falling,1
05,07,chute05cam07_341.jpg,falling,1
05,07,chute05cam07_342.jpg,falling,1
05,07,chute05cam07_343.jpg,falling,1
05,07,chute05cam07_344.jpg,falling,1
05,07,chute05cam07_345.jpg,falling,1
05,07,chute05cam07_346.jpg,falling,1
05,07,chute05cam07_347.jpg,falling,1
05,07,chute05cam07_348.jpg,falling,1
05,07,chute05cam07_349.jpg,falling,1
05,07,chute05cam07_350.jpg,falling,1
05,07,chute05cam07_351.jpg,falling,1
05,07,chute05cam07_352.jpg,falling,1
05,07,chute05cam07_353.jpg,falling,1
05,07,chute05cam07_354.jpg,falling,1
05,07,chute05cam07_355.jpg,falling,1
05,07,chute05cam07_356.jpg,falling,1
05,07,chute05cam07_357.jpg,falling,1
05,07,chute05cam07_358.jpg,falling,1
05,07,chute05cam07_359.jpg,falling,1
05,07,chute05cam07_360.jpg,falling,1
05,07,chute05cam07_361.jpg,falling,1
05,07,chute05cam07_362.jpg,falling,1
05,07,chute05cam07_363.jpg,falling,1
05,07,chute05cam07_364.jpg,falling,1
05,08,chute05cam08_311.jpg,falling,1
05,08,chute05cam08_312.jpg,falling,1
05,08,chute05cam08_313.jpg,falling,1
05,08,chute05cam08_314.jpg,falling,1
05,08,chute05cam08_315.jpg,falling,1
05,08,chute05cam08_316.jpg,falling,1
05,08,chute05cam08_317.jpg,falling,1
05,08,chute05cam08_318.jpg,falling,1
05,08,chute05cam08_319.jpg,falling,1
05,08,chute05cam08_320.jpg,falling,1
05,08,chute05cam08_321.jpg,falling,1
05,08,chute05cam08_322.jpg,falling,1
05,08,chute05cam08_323.jpg,falling,1
05,08,chute05cam08_324.jpg,falling,1
05,08,chute05cam08_325.jpg,falling,1
05,08,chute05cam08_326.jpg,falling,1
05,08,chute05cam08_327.jpg,falling,1
05,08,chute05cam08_328.jpg,falling,1
05,08,chute05cam08_329.jpg,falling,1
05,08,chute05cam08_330.jpg,falling,1
05,08,chute05cam08_331.jpg,falling,1
05,08,chute05cam08_332.jpg,falling,1
05,08,chute05cam08_333.jpg,falling,1
05,08,chute05cam08_334.jpg,falling,1
05,08,chute05cam08_335.jpg,falling,1
05,08,chute05cam08_336.jpg,falling,1
09,01,chute09cam01_646.jpg,falling,1
09,01,chute09cam01_647.jpg,falling,1
09,01,chute09cam01_648.jpg,falling,1
09,01,chute09cam01_649.jpg,falling,1
09,01,chute09cam01_650.jpg,falling,1
09,01,chute09cam01_651.jpg,falling,1
09,01,chute09cam01_652.jpg,falling,1
09,01,chute09cam01_653.jpg,falling,1
09,01,chute09cam01_654.jpg,falling,1
09,01,chute09cam01_655.jpg,falling,1
09,01,chute09cam01_656.jpg,falling,1
09,01,chute09cam01_657.jpg,falling,1
09,01,chute09cam01_658.jpg,falling,1
09,01,chute09cam01_659.jpg,falling,1
09,01,chute09cam01_660.jpg,falling,1
09,01,chute09cam01_661.jpg,falling,1
09,01,chute09cam01_662.jpg,falling,1
09,01,chute09cam01_663.jpg,falling,1
09,01,chute09cam01_664.jpg,falling,1
09,01,chute09cam01_665.jpg,falling,1
09,01,chute09cam01_666.jpg,falling,1
09,01,chute09cam01_667.jpg,falling,1
09,01,chute09cam01_668.jpg,falling,1
09,01,chute09cam01_669.jpg,falling,1
09,02,chute09cam02_637.jpg,falling,1
09,02,chute09cam02_638.jpg,falling,1
09,02,chute09cam02_639.jpg,falling,1
09,02,chute09cam02_640.jpg,falling,1
09,02,chute09cam02_641.jpg,falling,1
09,02,chute09cam02_642.jpg,falling,1
09,02,chute09cam02_643.jpg,falling,1
09,02,chute09cam02_644.jpg,falling,1
09,02,chute09cam02_645.jpg,falling,1
09,02,chute09cam02_646.jpg,falling,1
09,02,chute09cam02_647.jpg,falling,1
09,02,chute09cam02_648.jpg,falling,1
09,02,chute09cam02_649.jpg,falling,1
09,02,chute09cam02_650.jpg,falling,1
09,02,chute09cam02_651.jpg,falling,1
09,02,chute09cam02_652.jpg,falling,1
09,02,chute09cam02_653.jpg,falling,1
09,02,chute09cam02_654.jpg,falling,1
09,02,chute09cam02_655.jpg,falling,1
09,02,chute09cam02_656.jpg,falling,1
09,02,chute09cam02_657.jpg,falling,1
09,02,chute09cam02_658.jpg,falling,1
09,02,chute09cam02_659.jpg,falling,1
09,02,chute09cam02_660.jpg,falling,1
09,03,chute09cam03_629.jpg,falling,1
09,03,chute09cam03_630.jpg,falling,1
09,03,chute09cam03_631.jpg,falling,1
09,03,chute09cam03_632.jpg,falling,1
09,03,chute09cam03_633.jpg,falling,1
09,03,chute09cam03_634.jpg,falling,1
09,03,chute09cam03_635.jpg,falling,1
09,03,chute09cam03_636.jpg,falling,1
09,03,chute09cam03_637.jpg,falling,1
09,03,chute09cam03_638.jpg,falling,1
09,03,chute09cam03_639.jpg,falling,1
09,03,chute09cam03_640.jpg,falling,1
09,03,chute09cam03_641.jpg,falling,1
09,03,chute09cam03_642.jpg,falling,1
09,03,chute09cam03_643.jpg,falling,1
09,03,chute09cam03_644.jpg,falling,1
09,03,chute09cam03_645.jpg,falling,1
09,03,chute09cam03_646.jpg,falling,1
09,03,chute09cam03_647.jpg,falling,1
09,03,chute09cam03_648.jpg,falling,1
09,03,chute09cam03_649.jpg,falling,1
09,03,chute09cam03_650.jpg,falling,1
09,03,chute09cam03_651.jpg,falling,1
09,03,chute09cam03_652.jpg,falling,1
09,04,chute09cam04_647.jpg,falling,1
09,04,chute09cam04_648.jpg,falling,1
09,04,chute09cam04_649.jpg,falling,1
09,04,chute09cam04_650.jpg,falling,1
09,04,chute09cam04_651.jpg,falling,1
09,04,chute09cam04_652.jpg,falling,1
09,04,chute09cam04_653.jpg,falling,1
09,04,chute09cam04_654.jpg,falling,1
09,04,chute09cam04_655.jpg,falling,1
09,04,chute09cam04_656.jpg,falling,1
09,04,chute09cam04_657.jpg,falling,1
09,04,chute09cam04_658.jpg,falling,1
09,04,chute09cam04_659.jpg,falling,1
09,04,chute09cam04_660.jpg,falling,1
09,04,chute09cam04_661.jpg,falling,1
09,04,chute09cam04_662.jpg,falling,1
09,04,chute09cam04_663.jpg,falling,1
09,04,chute09cam04_664.jpg,falling,1
09,04,chute09cam04_665.jpg,falling,1
09,04,chute09cam04_666.jpg,falling,1
09,04,chute09cam04_667.jpg,falling,1
09,04,chute09cam04_668.jpg,falling,1
09,04,chute09cam04_669.jpg,falling,1
09,04,chute09cam04_670.jpg,falling,1
09,05,chute09cam05_641.jpg,falling,1
09,05,chute09cam05_642.jpg,falling,1
09,05,chute09cam05_643.jpg,falling,1
09,05,chute09cam05_644.jpg,falling,1
09,05,chute09cam05_645.jpg,falling,1
09,05,chute09cam05_646.jpg,falling,1
09,05,chute09cam05_647.jpg,falling,1
09,05,chute09cam05_648.jpg,falling,1
09,05,chute09cam05_649.jpg,falling,1
09,05,chute09cam05_650.jpg,falling,1
09,05,chute09cam05_651.jpg,falling,1
09,05,chute09cam05_652.jpg,falling,1
09,05,chute09cam05_653.jpg,falling,1
09,05,chute09cam05_654.jpg,falling,1
09,05,chute09cam05_655.jpg,falling,1
09,05,chute09cam05_656.jpg,falling,1
09,05,chute09cam05_657.jpg,falling,1
09,05,chute09cam05_658.jpg,falling,1
09,05,chute09cam05_659.jpg,falling,1
09,05,chute09cam05_660.jpg,falling,1
09,05,chute09cam05_661.jpg,falling,1
09,05,chute09cam05_662.jpg,falling,1
09,05,chute09cam05_663.jpg,falling,1
09,05,chute09cam05_664.jpg,falling,1
09,06,chute09cam06_639.jpg,falling,1
09,06,chute09cam06_640.jpg,falling,1
09,06,chute09cam06_641.jpg,falling,1
09,06,chute09cam06_642.jpg,falling,1
09,06,chute09cam06_643.jpg,falling,1
09,06,chute09cam06_644.jpg,falling,1
09,06,chute09cam06_645.jpg,falling,1
09,06,chute09cam06_646.jpg,falling,1
09,06,chute09cam06_647.jpg,falling,1
09,06,chute09cam06_648.jpg,falling,1
09,06,chute09cam06_649.jpg,falling,1
09,06,chute09cam06_650.jpg,falling,1
09,06,chute09cam06_651.jpg,falling,1
09,06,chute09cam06_652.jpg,falling,1
09,06,chute09cam06_653.jpg,falling,1
09,06,chute09cam06_654.jpg,falling,1
09,06,chute09cam06_655.jpg,falling,1
09,06,chute09cam06_656.jpg,falling,1
09,06,chute09cam06_657.jpg,falling,1
09,06,chute09cam06_658.jpg,falling,1
09,06,chute09cam06_659.jpg,falling,1
09,06,chute09cam06_660.jpg,falling,1
09,06,chute09cam06_661.jpg,falling,1
09,06,chute09cam06_662.jpg,falling,1
09,07,chute09cam07_640.jpg,falling,1
09,07,chute09cam07_641.jpg,falling,1
09,07,chute09cam07_642.jpg,falling,1
09,07,chute09cam07_643.jpg,falling,1
09,07,chute09cam07_644.jpg,falling,1
09,07,chute09cam07_645.jpg,falling,1
09,07,chute09cam07_646.jpg,falling,1
09,07,chute09cam07_647.jpg,falling,1
09,07,chute09cam07_648.jpg,falling,1
09,07,chute09cam07_649.jpg,falling,1
09,07,chute09cam07_650.jpg,falling,1
09,07,chute09cam07_651.jpg,falling,1
09,07,chute09cam07_652.jpg,falling,1
09,07,chute09cam07_653.jpg,falling,1
09,07,chute09cam07_654.jpg,falling,1
09,07,chute09cam07_655.jpg,falling,1
09,07,chute09cam07_656.jpg,falling,1
09,07,chute09cam07_657.jpg,falling,1
09,07,chute09cam07_658.jpg,falling,1
09,07,chute09cam07_659.jpg,falling,1
09,07,chute09cam07_660.jpg,falling,1
09,07,chute09cam07_661.jpg,falling,1
09,07,chute09cam07_662.jpg,falling,1
09,07,chute09cam07_663.jpg,falling,1
09,08,chute09cam08_628.jpg,falling,1
09,08,chute09cam08_629.jpg,falling,1
09,08,chute09cam08_630.jpg,falling,1
09,08,chute09cam08_631.jpg,falling,1
09,08,chute09cam08_632.jpg,falling,1
09,08,chute09cam08_633.jpg,falling,1
09,08,chute09cam08_634.jpg,falling,1
09,08,chute09cam08_635.jpg,falling,1
09,08,chute09cam08_636.jpg,falling,1
09,08,chute09cam08_637.jpg,falling,1
09,08,chute09cam08_638.jpg,falling,1
09,08,chute09cam08_639.jpg,falling,1
09,08,chute09cam08_640.jpg,falling,1
09,08,chute09cam08_641.jpg,falling,1
09,08,chute09cam08_642.jpg,falling,1
09,08,chute09cam08_643.jpg,falling,1
09,08,chute09cam08_644.jpg,falling,1
09,08,chute09cam08_645.jpg,falling,1
09,08,chute09cam08_646.jpg,falling,1
09,08,chute09cam08_647.jpg,falling,1
09,08,chute09cam08_648.jpg,falling,1
09,08,chute09cam08_649.jpg,falling,1
09,08,chute09cam08_650.jpg,falling,1
09,08,chute09cam08_651.jpg,falling,1
12,01,chute12cam01_626.jpg,falling,1
12,01,chute12cam01_627.jpg,falling,1
12,01,chute12cam01_628.jpg,falling,1
12,01,chute12cam01_629.jpg,falling,1
12,01,chute12cam01_630.jpg,falling,1
12,01,chute12cam01_631.jpg,falling,1
12,01,chute12cam01_632.jpg,falling,1
12,01,chute12cam01_633.jpg,falling,1
12,01,chute12cam01_634.jpg,falling,1
12,01,chute12cam01_635.jpg,falling,1
12,01,chute12cam01_636.jpg,falling,1
12,01,chute12cam01_637.jpg,falling,1
12,01,chute12cam01_638.jpg,falling,1
12,01,chute12cam01_639.jpg,falling,1
12,01,chute12cam01_640.jpg,falling,1
12,01,chute12cam01_641.jpg,falling,1
12,01,chute12cam01_642.jpg,falling,1
12,01,chute12cam01_643.jpg,falling,1
12,01,chute12cam01_644.jpg,falling,1
12,01,chute12cam01_645.jpg,falling,1
12,01,chute12cam01_646.jpg,falling,1
12,01,chute12cam01_647.jpg,falling,1
12,01,chute12cam01_648.jpg,falling,1
12,01,chute12cam01_649.jpg,falling,1
12,01,chute12cam01_650.jpg,falling,1
12,01,chute12cam01_651.jpg,falling,1
12,01,chute12cam01_652.jpg,falling,1
12,01,chute12cam01_653.jpg,falling,1
12,01,chute12cam01_654.jpg,falling,1
12,01,chute12cam01_655.jpg,falling,1
12,01,chute12cam01_656.jpg,falling,1
12,01,chute12cam01_657.jpg,falling,1
12,01,chute12cam01_658.jpg,falling,1
12,01,chute12cam01_659.jpg,falling,1
12,01,chute12cam01_660.jpg,falling,1
12,01,chute12cam01_661.jpg,falling,1
12,01,chute12cam01_662.jpg,falling,1
12,01,chute12cam01_663.jpg,falling,1
12,01,chute12cam01_664.jpg,falling,1
12,01,chute12cam01_665.jpg,falling,1
12,01,chute12cam01_666.jpg,falling,1
12,01,chute12cam01_667.jpg,falling,1
12,01,chute12cam01_668.jpg,falling,1
12,01,chute12cam01_669.jpg,falling,1
12,01,chute12cam01_670.jpg,falling,1
12,01,chute12cam01_671.jpg,falling,1
12,01,chute12cam01_672.jpg,falling,1
12,01,chute12cam01_673.jpg,falling,1
12,01,chute12cam01_674.jpg,falling,1
12,02,chute12cam02_611.jpg,falling,1
12,02,chute12cam02_612.jpg,falling,1
12,02,chute12cam02_613.jpg,falling,1
12,02,chute12cam02_614.jpg,falling,1
12,02,chute12cam02_615.jpg,falling,1
12,02,chute12cam02_616.jpg,falling,1
12,02,chute12cam02_617.jpg,falling,1
12,02,chute12cam02_618.jpg,falling,1
12,02,chute12cam02_619.jpg,falling,1
12,02,chute12cam02_620.jpg,falling,1
12,02,chute12cam02_621.jpg,falling,1
12,02,chute12cam02_622.jpg,falling,1
12,02,chute12cam02_623.jpg,falling,1
12,02,chute12cam02_624.jpg,falling,1
12,02,chute12cam02_625.jpg,falling,1
12,02,chute12cam02_626.jpg,falling,1
12,02,chute12cam02_627.jpg,falling,1
12,02,chute12cam02_628.jpg,falling,1
12,02,chute12cam02_629.jpg,falling,1
12,02,chute12cam02_630.jpg,falling,1
12,02,chute12cam02_631.jpg,falling,1
12,02,chute12cam02_632.jpg,falling,1
12,02,chute12cam02_633.jpg,falling,1
12,02,chute12cam02_634.jpg,falling,1
12,02,chute12cam02_635.jpg,falling,1
12,02,chute12cam02_636.jpg,falling,1
12,02,chute12cam02_637.jpg,falling,1
12,02,chute12cam02_638.jpg,falling,1
12,02,chute12cam02_639.jpg,falling,1
12,02,chute12cam02_640.jpg,falling,1
12,02,chute12cam02_641.jpg,falling,1
12,02,chute12cam02_642.jpg,falling,1
12,02,chute12cam02_643.jpg,falling,1
12,02,chute12cam02_644.jpg,falling,1
12,02,chute12cam02_645.jpg,falling,1
12,02,chute12cam02_646.jpg,falling,1
12,02,chute12cam02_647.jpg,falling,1
12,02,chute12cam02_648.jpg,falling,1
12,02,chute12cam02_649.jpg,falling,1
12,02,chute12cam02_650.jpg,falling,1
12,02,chute12cam02_651.jpg,falling,1
12,02,chute12cam02_652.jpg,falling,1
12,02,chute12cam02_653.jpg,falling,1
12,02,chute12cam02_654.jpg,falling,1
12,02,chute12cam02_655.jpg,falling,1
12,02,chute12cam02_656.jpg,falling,1
12,02,chute12cam02_657.jpg,falling,1
12,02,chute12cam02_658.jpg,falling,1
12,02,chute12cam02_659.jpg,falling,1
12,03,chute12cam03_618.jpg,falling,1
12,03,chute12cam03_619.jpg,falling,1
12,03,chute12cam03_620.jpg,falling,1
12,03,chute12cam03_621.jpg,falling,1
12,03,chute12cam03_622.jpg,falling,1
12,03,chute12cam03_623.jpg,falling,1
12,03,chute12cam03_624.jpg,falling,1
12,03,chute12cam03_625.jpg,falling,1
12,03,chute12cam03_626.jpg,falling,1
12,03,chute12cam03_627.jpg,falling,1
12,03,chute12cam03_628.jpg,falling,1
12,03,chute12cam03_629.jpg,falling,1
12,03,chute12cam03_630.jpg,falling,1
12,03,chute12cam03_631.jpg,falling,1
12,03,chute12cam03_632.jpg,falling,1
12,03,chute12cam03_633.jpg,falling,1
12,03,chute12cam03_634.jpg,falling,1
12,03,chute12cam03_635.jpg,falling,1
12,03,chute12cam03_636.jpg,falling,1
12,03,chute12cam03_637.jpg,falling,1
12,03,chute12cam03_638.jpg,falling,1
12,03,chute12cam03_639.jpg,falling,1
12,03,chute12cam03_640.jpg,falling,1
12,03,chute12cam03_641.jpg,falling,1
12,03,chute12cam03_642.jpg,falling,1
12,03,chute12cam03_643.jpg,falling,1
12,03,chute12cam03_644.jpg,falling,1
12,03,chute12cam03_645.jpg,falling,1
12,03,chute12cam03_646.jpg,falling,1
12,03,chute12cam03_647.jpg,falling,1
12,03,chute12cam03_648.jpg,falling,1
12,03,chute12cam03_649.jpg,falling,1
12,03,chute12cam03_650.jpg,falling,1
12,03,chute12cam03_651.jpg,falling,1
12,03,chute12cam03_652.jpg,falling,1
12,03,chute12cam03_653.jpg,falling,1
12,03,chute12cam03_654.jpg,falling,1
12,03,chute12cam03_655.jpg,falling,1
12,03,chute12cam03_656.jpg,falling,1
12,03,chute12cam03_657.jpg,falling,1
12,03,chute12cam03_658.jpg,falling,1
12,03,chute12cam03_659.jpg,falling,1
12,03,chute12cam03_660.jpg,falling,1
12,03,chute12cam03_661.jpg,falling,1
12,03,chute12cam03_662.jpg,falling,1
12,03,chute12cam03_663.jpg,falling,1
12,03,chute12cam03_664.jpg,falling,1
12,03,chute12cam03_665.jpg,falling,1
12,03,chute12cam03_666.jpg,falling,1
12,04,chute12cam04_613.jpg,falling,1
12,04,chute12cam04_614.jpg,falling,1
12,04,chute12cam04_615.jpg,falling,1
12,04,chute12cam04_616.jpg,falling,1
12,04,chute12cam04_617.jpg,falling,1
12,04,chute12cam04_618.jpg,falling,1
12,04,chute12cam04_619.jpg,falling,1
12,04,chute12cam04_620.jpg,falling,1
12,04,chute12cam04_621.jpg,falling,1
12,04,chute12cam04_622.jpg,falling,1
12,04,chute12cam04_623.jpg,falling,1
12,04,chute12cam04_624.jpg,falling,1
12,04,chute12cam04_625.jpg,falling,1
12,04,chute12cam04_626.jpg,falling,1
12,04,chute12cam04_627.jpg,falling,1
12,04,chute12cam04_628.jpg,falling,1
12,04,chute12cam04_629.jpg,falling,1
12,04,chute12cam04_630.jpg,falling,1
12,04,chute12cam04_631.jpg,falling,1
12,04,chute12cam04_632.jpg,falling,1
12,04,chute12cam04_633.jpg,falling,1
12,04,chute12cam04_634.jpg,falling,1
12,04,chute12cam04_635.jpg,falling,1
12,04,chute12cam04_636.jpg,falling,1
12,04,chute12cam04_637.jpg,falling,1
12,04,chute12cam04_638.jpg,falling,1
12,04,chute12cam04_639.jpg,falling,1
12,04,chute12cam04_640.jpg,falling,1
12,04,chute12cam04_641.jpg,falling,1
12,04,chute12cam04_642.jpg,falling,1
12,04,chute12cam04_643.jpg,falling,1
12,04,chute12cam04_644.jpg,falling,1
12,04,chute12cam04_645.jpg,falling,1
12,04,chute12cam04_646.jpg,falling,1
12,04,chute12cam04_647.jpg,falling,1
12,04,chute12cam04_648.jpg,falling,1
12,04,chute12cam04_649.jpg,falling,1
12,04,chute12cam04_650.jpg,falling,1
12,04,chute12cam04_651.jpg,falling,1
12,04,chute12cam04_652.jpg,falling,1
12,04,chute12cam04_653.jpg,falling,1
12,04,chute12cam04_654.jpg,falling,1
12,04,chute12cam04_655.jpg,falling,1
12,04,chute12cam04_656.jpg,falling,1
12,04,chute12cam04_657.jpg,falling,1
12,04,chute12cam04_658.jpg,falling,1
12,04,chute12cam04_659.jpg,falling,1
12,04,chute12cam04_660.jpg,falling,1
12,04,chute12cam04_661.jpg,falling,1
12,05,chute12cam05_605.jpg,falling,1
12,05,chute12cam05_606.jpg,falling,1
12,05,chute12cam05_607.jpg,falling,1
12,05,chute12cam05_608.jpg,falling,1
12,05,chute12cam05_609.jpg,falling,1
12,05,chute12cam05_610.jpg,falling,1
12,05,chute12cam05_611.jpg,falling,1
12,05,chute12cam05_612.jpg,falling,1
12,05,chute12cam05_613.jpg,falling,1
12,05,chute12cam05_614.jpg,falling,1
12,05,chute12cam05_615.jpg,falling,1
12,05,chute12cam05_616.jpg,falling,1
12,05,chute12cam05_617.jpg,falling,1
12,05,chute12cam05_618.jpg,falling,1
12,05,chute12cam05_619.jpg,falling,1
12,05,chute12cam05_620.jpg,falling,1
12,05,chute12cam05_621.jpg,falling,1
12,05,chute12cam05_622.jpg,falling,1
12,05,chute12cam05_623.jpg,falling,1
12,05,chute12cam05_624.jpg,falling,1
12,05,chute12cam05_625.jpg,falling,1
12,05,chute12cam05_626.jpg,falling,1
12,05,chute12cam05_627.jpg,falling,1
12,05,chute12cam05_628.jpg,falling,1
12,05,chute12cam05_629.jpg,falling,1
12,05,chute12cam05_630.jpg,falling,1
12,05,chute12cam05_631.jpg,falling,1
12,05,chute12cam05_632.jpg,falling,1
12,05,chute12cam05_633.jpg,falling,1
12,05,chute12cam05_634.jpg,falling,1
12,05,chute12cam05_635.jpg,falling,1
12,05,chute12cam05_636.jpg,falling,1
12,05,chute12cam05_637.jpg,falling,1
12,05,chute12cam05_638.jpg,falling,1
12,05,chute12cam05_639.jpg,falling,1
12,05,chute12cam05_640.jpg,falling,1
12,05,chute12cam05_641.jpg,falling,1
12,05,chute12cam05_642.jpg,falling,1
12,05,chute12cam05_643.jpg,falling,1
12,05,chute12cam05_644.jpg,falling,1
12,05,chute12cam05_645.jpg,falling,1
12,05,chute12cam05_646.jpg,falling,1
12,05,chute12cam05_647.jpg,falling,1
12,05,chute12cam05_648.jpg,falling,1
12,05,chute12cam05_649.jpg,falling,1
12,05,chute12cam05_650.jpg,falling,1
12,05,chute12cam05_651.jpg,falling,1
12,05,chute12cam05_652.jpg,falling,1
12,05,chute12cam05_653.jpg,falling,1
12,06,chute12cam06_608.jpg,falling,1
12,06,chute12cam06_609.jpg,falling,1
12,06,chute12cam06_610.jpg,falling,1
12,06,chute12cam06_611.jpg,falling,1
12,06,chute12cam06_612.jpg,falling,1
12,06,chute12cam06_613.jpg,falling,1
12,06,chute12cam06_614.jpg,falling,1
12,06,chute12cam06_615.jpg,falling,1
12,06,chute12cam06_616.jpg,falling,1
12,06,chute12cam06_617.jpg,falling,1
12,06,chute12cam06_618.jpg,falling,1
12,06,chute12cam06_619.jpg,falling,1
12,06,chute12cam06_620.jpg,falling,1
12,06,chute12cam06_621.jpg,falling,1
12,06,chute12cam06_622.jpg,falling,1
12,06,chute12cam06_623.jpg,falling,1
12,06,chute12cam06_624.jpg,falling,1
12,06,chute12cam06_625.jpg,falling,1
12,06,chute12cam06_626.jpg,falling,1
12,06,chute12cam06_627.jpg,falling,1
12,06,chute12cam06_628.jpg,falling,1
12,06,chute12cam06_629.jpg,falling,1
12,06,chute12cam06_630.jpg,falling,1
12,06,chute12cam06_631.jpg,falling,1
12,06,chute12cam06_632.jpg,falling,1
12,06,chute12cam06_633.jpg,falling,1
12,06,chute12cam06_634.jpg,falling,1
12,06,chute12cam06_635.jpg,falling,1
12,06,chute12cam06_636.jpg,falling,1
12,06,chute12cam06_637.jpg,falling,1
12,06,chute12cam06_638.jpg,falling,1
12,06,chute12cam06_639.jpg,falling,1
12,06,chute12cam06_640.jpg,falling,1
12,06,chute12cam06_641.jpg,falling,1
12,06,chute12cam06_642.jpg,falling,1
12,06,chute12cam06_643.jpg,falling,1
12,06,chute12cam06_644.jpg,falling,1
12,06,chute12cam06_645.jpg,falling,1
12,06,chute12cam06_646.jpg,falling,1
12,06,chute12cam06_647.jpg,falling,1
12,06,chute12cam06_648.jpg,falling,1
12,06,chute12cam06_649.jpg,falling,1
12,06,chute12cam06_650.jpg,falling,1
12,06,chute12cam06_651.jpg,falling,1
12,06,chute12cam06_652.jpg,falling,1
12,06,chute12cam06_653.jpg,falling,1
12,06,chute12cam06_654.jpg,falling,1
12,06,chute12cam06_655.jpg,falling,1
12,06,chute12cam06_656.jpg,falling,1
12,07,chute12cam07_612.jpg,falling,1
12,07,chute12cam07_613.jpg,falling,1
12,07,chute12cam07_614.jpg,falling,1
12,07,chute12cam07_615.jpg,falling,1
12,07,chute12cam07_616.jpg,falling,1
12,07,chute12cam07_617.jpg,falling,1
12,07,chute12cam07_618.jpg,falling,1
12,07,chute12cam07_619.jpg,falling,1
12,07,chute12cam07_620.jpg,falling,1
12,07,chute12cam07_621.jpg,falling,1
12,07,chute12cam07_622.jpg,falling,1
12,07,chute12cam07_623.jpg,falling,1
12,07,chute12cam07_624.jpg,falling,1
12,07,chute12cam07_625.jpg,falling,1
12,07,chute12cam07_626.jpg,falling,1
12,07,chute12cam07_627.jpg,falling,1
12,07,chute12cam07_628.jpg,falling,1
12,07,chute12cam07_629.jpg,falling,1
12,07,chute12cam07_630.jpg,falling,1
12,07,chute12cam07_631.jpg,falling,1
12,07,chute12cam07_632.jpg,falling,1
12,07,chute12cam07_633.jpg,falling,1
12,07,chute12cam07_634.jpg,falling,1
12,07,chute12cam07_635.jpg,falling,1
12,07,chute12cam07_636.jpg,falling,1
12,07,chute12cam07_637.jpg,falling,1
12,07,chute12cam07_638.jpg,falling,1
12,07,chute12cam07_639.jpg,falling,1
12,07,chute12cam07_640.jpg,falling,1
12,07,chute12cam07_641.jpg,falling,1
12,07,chute12cam07_642.jpg,falling,1
12,07,chute12cam07_643.jpg,falling,1
12,07,chute12cam07_644.jpg,falling,1
12,07,chute12cam07_645.jpg,falling,1
12,07,chute12cam07_646.jpg,falling,1
12,07,chute12cam07_647.jpg,falling,1
12,07,chute12cam07_648.jpg,falling,1
12,07,chute12cam07_649.jpg,falling,1
12,07,chute12cam07_650.jpg,falling,1
12,07,chute12cam07_651.jpg,falling,1
12,07,chute12cam07_652.jpg,falling,1
12,07,chute12cam07_653.jpg,falling,1
12,07,chute12cam07_654.jpg,falling,1
12,07,chute12cam07_655.jpg,falling,1
12,07,chute12cam07_656.jpg,falling,1
12,07,chute12cam07_657.jpg,falling,1
12,07,chute12cam07_658.jpg,falling,1
12,07,chute12cam07_659.jpg,falling,1
12,07,chute12cam07_660.jpg,falling,1
12,08,chute12cam08_605.jpg,falling,1
12,08,chute12cam08_606.jpg,falling,1
12,08,chute12cam08_607.jpg,falling,1
12,08,chute12cam08_608.jpg,falling,1
12,08,chute12cam08_609.jpg,falling,1
12,08,chute12cam08_610.jpg,falling,1
12,08,chute12cam08_611.jpg,falling,1
12,08,chute12cam08_612.jpg,falling,1
12,08,chute12cam08_613.jpg,falling,1
12,08,chute12cam08_614.jpg,falling,1
12,08,chute12cam08_615.jpg,falling,1
12,08,chute12cam08_616.jpg,falling,1
12,08,chute12cam08_617.jpg,falling,1
12,08,chute12cam08_618.jpg,falling,1
12,08,chute12cam08_619.jpg,falling,1
12,08,chute12cam08_620.jpg,falling,1
12,08,chute12cam08_621.jpg,falling,1
12,08,chute12cam08_622.jpg,falling,1
12,08,chute12cam08_623.jpg,falling,1
12,08,chute12cam08_624.jpg,falling,1
12,08,chute12cam08_625.jpg,falling,1
12,08,chute12cam08_626.jpg,falling,1
12,08,chute12cam08_627.jpg,falling,1
12,08,chute12cam08_628.jpg,falling,1
12,08,chute12cam08_629.jpg,falling,1
12,08,chute12cam08_630.jpg,falling,1
12,08,chute12cam08_631.jpg,falling,1
12,08,chute12cam08_632.jpg,falling,1
12,08,chute12cam08_633.jpg,falling,1
12,08,chute12cam08_634.jpg,falling,1
12,08,chute12cam08_635.jpg,falling,1
12,08,chute12cam08_636.jpg,falling,1
12,08,chute12cam08_637.jpg,falling,1
12,08,chute12cam08_638.jpg,falling,1
12,08,chute12cam08_639.jpg,falling,1
12,08,chute12cam08_640.jpg,falling,1
12,08,chute12cam08_641.jpg,falling,1
12,08,chute12cam08_642.jpg,falling,1
12,08,chute12cam08_643.jpg,falling,1
12,08,chute12cam08_644.jpg,falling,1
12,08,chute12cam08_645.jpg,falling,1
12,08,chute12cam08_646.jpg,falling,1
12,08,chute12cam08_647.jpg,falling,1
12,08,chute12cam08_648.jpg,falling,1
12,08,chute12cam08_649.jpg,falling,1
12,08,chute12cam08_650.jpg,falling,1
12,08,chute12cam08_651.jpg,falling,1
12,08,chute12cam08_652.jpg,falling,1
12,08,chute12cam08_653.jpg,falling,1
18,01,chute18cam01_670.jpg,falling,1
18,01,chute18cam01_671.jpg,falling,1
18,01,chute18cam01_672.jpg,falling,1
18,01,chute18cam01_673.jpg,falling,1
18,01,chute18cam01_674.jpg,falling,1
18,01,chute18cam01_675.jpg,falling,1
18,01,chute18cam01_676.jpg,falling,1
18,01,chute18cam01_677.jpg,falling,1
18,01,chute18cam01_678.jpg,falling,1
18,01,chute18cam01_679.jpg,falling,1
18,01,chute18cam01_680.jpg,falling,1
18,01,chute18cam01_681.jpg,falling,1
18,01,chute18cam01_682.jpg,falling,1
18,01,chute18cam01_683.jpg,falling,1
18,01,chute18cam01_684.jpg,falling,1
18,01,chute18cam01_685.jpg,falling,1
18,01,chute18cam01_686.jpg,falling,1
18,01,chute18cam01_687.jpg,falling,1
18,01,chute18cam01_688.jpg,falling,1
18,01,chute18cam01_689.jpg,falling,1
18,01,chute18cam01_690.jpg,falling,1
18,01,chute18cam01_691.jpg,falling,1
18,01,chute18cam01_692.jpg,falling,1
18,01,chute18cam01_693.jpg,falling,1
18,01,chute18cam01_694.jpg,falling,1
18,01,chute18cam01_695.jpg,falling,1
18,01,chute18cam01_696.jpg,falling,1
18,01,chute18cam01_697.jpg,falling,1
18,01,chute18cam01_698.jpg,falling,1
18,01,chute18cam01_699.jpg,falling,1
18,01,chute18cam01_700.jpg,falling,1
18,02,chute18cam02_676.jpg,falling,1
18,02,chute18cam02_677.jpg,falling,1
18,02,chute18cam02_678.jpg,falling,1
18,02,chute18cam02_679.jpg,falling,1
18,02,chute18cam02_680.jpg,falling,1
18,02,chute18cam02_681.jpg,falling,1
18,02,chute18cam02_682.jpg,falling,1
18,02,chute18cam02_683.jpg,falling,1
18,02,chute18cam02_684.jpg,falling,1
18,02,chute18cam02_685.jpg,falling,1
18,02,chute18cam02_686.jpg,falling,1
18,02,chute18cam02_687.jpg,falling,1
18,02,chute18cam02_688.jpg,falling,1
18,02,chute18cam02_689.jpg,falling,1
18,02,chute18cam02_690.jpg,falling,1
18,02,chute18cam02_691.jpg,falling,1
18,02,chute18cam02_692.jpg,falling,1
18,02,chute18cam02_693.jpg,falling,1
18,02,chute18cam02_694.jpg,falling,1
18,02,chute18cam02_695.jpg,falling,1
18,02,chute18cam02_696.jpg,falling,1
18,02,chute18cam02_697.jpg,falling,1
18,02,chute18cam02_698.jpg,falling,1
18,02,chute18cam02_699.jpg,falling,1
18,02,chute18cam02_700.jpg,falling,1
18,02,chute18cam02_701.jpg,falling,1
18,02,chute18cam02_702.jpg,falling,1
18,02,chute18cam02_703.jpg,falling,1
18,02,chute18cam02_704.jpg,falling,1
18,02,chute18cam02_705.jpg,falling,1
18,02,chute18cam02_706.jpg,falling,1
18,03,chute18cam03_657.jpg,falling,1
18,03,chute18cam03_658.jpg,falling,1
18,03,chute18cam03_659.jpg,falling,1
18,03,chute18cam03_660.jpg,falling,1
18,03,chute18cam03_661.jpg,falling,1
18,03,chute18cam03_662.jpg,falling,1
18,03,chute18cam03_663.jpg,falling,1
18,03,chute18cam03_664.jpg,falling,1
18,03,chute18cam03_665.jpg,falling,1
18,03,chute18cam03_666.jpg,falling,1
18,03,chute18cam03_667.jpg,falling,1
18,03,chute18cam03_668.jpg,falling,1
18,03,chute18cam03_669.jpg,falling,1
18,03,chute18cam03_670.jpg,falling,1
18,03,chute18cam03_671.jpg,falling,1
18,03,chute18cam03_672.jpg,falling,1
18,03,chute18cam03_673.jpg,falling,1
18,03,chute18cam03_674.jpg,falling,1
18,03,chute18cam03_675.jpg,falling,1
18,03,chute18cam03_676.jpg,falling,1
18,03,chute18cam03_677.jpg,falling,1
18,03,chute18cam03_678.jpg,falling,1
18,03,chute18cam03_679.jpg,falling,1
18,03,chute18cam03_680.jpg,falling,1
18,03,chute18cam03_681.jpg,falling,1
18,03,chute18cam03_682.jpg,falling,1
18,03,chute18cam03_683.jpg,falling,1
18,03,chute18cam03_684.jpg,falling,1
18,03,chute18cam03_685.jpg,falling,1
18,03,chute18cam03_686.jpg,falling,1
18,03,chute18cam03_687.jpg,falling,1
18,04,chute18cam04_571.jpg,falling,1
18,04,chute18cam04_572.jpg,falling,1
18,04,chute18cam04_573.jpg,falling,1
18,04,chute18cam04_574.jpg,falling,1
18,04,chute18cam04_575.jpg,falling,1
18,04,chute18cam04_576.jpg,falling,1
18,04,chute18cam04_577.jpg,falling,1
18,04,chute18cam04_578.jpg,falling,1
18,04,chute18cam04_579.jpg,falling,1
18,04,chute18cam04_580.jpg,falling,1
18,04,chute18cam04_581.jpg,falling,1
18,04,chute18cam04_582.jpg,falling,1
18,04,chute18cam04_583.jpg,falling,1
18,04,chute18cam04_584.jpg,falling,1
18,04,chute18cam04_585.jpg,falling,1
18,04,chute18cam04_586.jpg,falling,1
18,04,chute18cam04_587.jpg,falling,1
18,04,chute18cam04_588.jpg,falling,1
18,04,chute18cam04_589.jpg,falling,1
18,04,chute18cam04_590.jpg,falling,1
18,04,chute18cam04_591.jpg,falling,1
18,04,chute18cam04_592.jpg,falling,1
18,04,chute18cam04_593.jpg,falling,1
18,04,chute18cam04_594.jpg,falling,1
18,04,chute18cam04_595.jpg,falling,1
18,04,chute18cam04_596.jpg,falling,1
18,04,chute18cam04_597.jpg,falling,1
18,04,chute18cam04_598.jpg,falling,1
18,04,chute18cam04_599.jpg,falling,1
18,04,chute18cam04_600.jpg,falling,1
18,04,chute18cam04_601.jpg,falling,1
18,05,chute18cam05_655.jpg,falling,1
18,05,chute18cam05_656.jpg,falling,1
18,05,chute18cam05_657.jpg,falling,1
18,05,chute18cam05_658.jpg,falling,1
18,05,chute18cam05_659.jpg,falling,1
18,05,chute18cam05_660.jpg,falling,1
18,05,chute18cam05_661.jpg,falling,1
18,05,chute18cam05_662.jpg,falling,1
18,05,chute18cam05_663.jpg,falling,1
18,05,chute18cam05_664.jpg,falling,1
18,05,chute18cam05_665.jpg,falling,1
18,05,chute18cam05_666.jpg,falling,1
18,05,chute18cam05_667.jpg,falling,1
18,05,chute18cam05_668.jpg,falling,1
18,05,chute18cam05_669.jpg,falling,1
18,05,chute18cam05_670.jpg,falling,1
18,05,chute18cam05_671.jpg,falling,1
18,05,chute18cam05_672.jpg,falling,1
18,05,chute18cam05_673.jpg,falling,1
18,05,chute18cam05_674.jpg,falling,1
18,05,chute18cam05_675.jpg,falling,1
18,05,chute18cam05_676.jpg,falling,1
18,05,chute18cam05_677.jpg,falling,1
18,05,chute18cam05_678.jpg,falling,1
18,05,chute18cam05_679.jpg,falling,1
18,05,chute18cam05_680.jpg,falling,1
18,05,chute18cam05_681.jpg,falling,1
18,05,chute18cam05_682.jpg,falling,1
18,05,chute18cam05_683.jpg,falling,1
18,05,chute18cam05_684.jpg,falling,1
18,05,chute18cam05_685.jpg,falling,1
18,06,chute18cam06_679.jpg,falling,1
18,06,chute18cam06_680.jpg,falling,1
18,06,chute18cam06_681.jpg,falling,1
18,06,chute18cam06_682.jpg,falling,1
18,06,chute18cam06_683.jpg,falling,1
18,06,chute18cam06_684.jpg,falling,1
18,06,chute18cam06_685.jpg,falling,1
18,06,chute18cam06_686.jpg,falling,1
18,06,chute18cam06_687.jpg,falling,1
18,06,chute18cam06_688.jpg,falling,1
18,06,chute18cam06_689.jpg,falling,1
18,06,chute18cam06_690.jpg,falling,1
18,06,chute18cam06_691.jpg,falling,1
18,06,chute18cam06_692.jpg,falling,1
18,06,chute18cam06_693.jpg,falling,1
18,06,chute18cam06_694.jpg,falling,1
18,06,chute18cam06_695.jpg,falling,1
18,06,chute18cam06_696.jpg,falling,1
18,06,chute18cam06_697.jpg,falling,1
18,06,chute18cam06_698.jpg,falling,1
18,06,chute18cam06_699.jpg,falling,1
18,06,chute18cam06_700.jpg,falling,1
18,06,chute18cam06_701.jpg,falling,1
18,06,chute18cam06_702.jpg,falling,1
18,06,chute18cam06_703.jpg,falling,1
18,06,chute18cam06_704.jpg,falling,1
18,06,chute18cam06_705.jpg,falling,1
18,06,chute18cam06_706.jpg,falling,1
18,06,chute18cam06_707.jpg,falling,1
18,06,chute18cam06_708.jpg,falling,1
18,06,chute18cam06_709.jpg,falling,1
18,07,chute18cam07_680.jpg,falling,1
18,07,chute18cam07_681.jpg,falling,1
18,07,chute18cam07_682.jpg,falling,1
18,07,chute18cam07_683.jpg,falling,1
18,07,chute18cam07_684.jpg,falling,1
18,07,chute18cam07_685.jpg,falling,1
18,07,chute18cam07_686.jpg,falling,1
18,07,chute18cam07_687.jpg,falling,1
18,07,chute18cam07_688.jpg,falling,1
18,07,chute18cam07_689.jpg,falling,1
18,07,chute18cam07_690.jpg,falling,1
18,07,chute18cam07_691.jpg,falling,1
18,07,chute18cam07_692.jpg,falling,1
18,07,chute18cam07_693.jpg,falling,1
18,07,chute18cam07_694.jpg,falling,1
18,07,chute18cam07_695.jpg,falling,1
18,07,chute18cam07_696.jpg,falling,1
18,07,chute18cam07_697.jpg,falling,1
18,07,chute18cam07_698.jpg,falling,1
18,07,chute18cam07_699.jpg,falling,1
18,07,chute18cam07_700.jpg,falling,1
18,07,chute18cam07_701.jpg,falling,1
18,07,chute18cam07_702.jpg,falling,1
18,07,chute18cam07_703.jpg,falling,1
18,07,chute18cam07_704.jpg,falling,1
18,07,chute18cam07_705.jpg,falling,1
18,07,chute18cam07_706.jpg,falling,1
18,07,chute18cam07_707.jpg,falling,1
18,07,chute18cam07_708.jpg,falling,1
18,07,chute18cam07_709.jpg,falling,1
18,07,chute18cam07_710.jpg,falling,1
18,08,chute18cam08_648.jpg,falling,1
18,08,chute18cam08_649.jpg,falling,1
18,08,chute18cam08_650.jpg,falling,1
18,08,chute18cam08_651.jpg,falling,1
18,08,chute18cam08_652.jpg,falling,1
18,08,chute18cam08_653.jpg,falling,1
18,08,chute18cam08_654.jpg,falling,1
18,08,chute18cam08_655.jpg,falling,1
18,08,chute18cam08_656.jpg,falling,1
18,08,chute18cam08_657.jpg,falling,1
18,08,chute18cam08_658.jpg,falling,1
18,08,chute18cam08_659.jpg,falling,1
18,08,chute18cam08_660.jpg,falling,1
18,08,chute18cam08_661.jpg,falling,1
18,08,chute18cam08_662.jpg,falling,1
18,08,chute18cam08_663.jpg,falling,1
18,08,chute18cam08_664.jpg,falling,1
18,08,chute18cam08_665.jpg,falling,1
18,08,chute18cam08_666.jpg,falling,1
18,08,chute18cam08_667.jpg,falling,1
18,08,chute18cam08_668.jpg,falling,1
18,08,chute18cam08_669.jpg,falling,1
18,08,chute18cam08_670.jpg,falling,1
18,08,chute18cam08_671.jpg,falling,1
18,08,chute18cam08_672.jpg,falling,1
18,08,chute18cam08_673.jpg,falling,1
18,08,chute18cam08_674.jpg,falling,1
18,08,chute18cam08_675.jpg,falling,1
18,08,chute18cam08_676.jpg,falling,1
18,08,chute18cam08_677.jpg,falling,1
18,08,chute18cam08_678.jpg,falling,1
21,01,chute21cam01_884.jpg,falling,1
21,01,chute21cam01_885.jpg,falling,1
21,01,chute21cam01_886.jpg,falling,1
21,01,chute21cam01_887.jpg,falling,1
21,01,chute21cam01_888.jpg,falling,1
21,01,chute21cam01_889.jpg,falling,1
21,01,chute21cam01_890.jpg,falling,1
21,01,chute21cam01_891.jpg,falling,1
21,01,chute21cam01_892.jpg,falling,1
21,01,chute21cam01_893.jpg,falling,1
21,01,chute21cam01_894.jpg,falling,1
21,01,chute21cam01_895.jpg,falling,1
21,01,chute21cam01_896.jpg,falling,1
21,01,chute21cam01_897.jpg,falling,1
21,01,chute21cam01_898.jpg,falling,1
21,01,chute21cam01_899.jpg,falling,1
21,01,chute21cam01_900.jpg,falling,1
21,01,chute21cam01_901.jpg,falling,1
21,01,chute21cam01_902.jpg,falling,1
21,01,chute21cam01_903.jpg,falling,1
21,01,chute21cam01_904.jpg,falling,1
21,01,chute21cam01_905.jpg,falling,1
21,01,chute21cam01_906.jpg,falling,1
21,01,chute21cam01_907.jpg,falling,1
21,01,chute21cam01_908.jpg,falling,1
21,01,chute21cam01_909.jpg,falling,1
21,01,chute21cam01_910.jpg,falling,1
21,01,chute21cam01_911.jpg,falling,1
21,01,chute21cam01_912.jpg,falling,1
21,01,chute21cam01_913.jpg,falling,1
21,01,chute21cam01_914.jpg,falling,1
21,01,chute21cam01_915.jpg,falling,1
21,01,chute21cam01_916.jpg,falling,1
21,01,chute21cam01_917.jpg,falling,1
21,01,chute21cam01_918.jpg,falling,1
21,01,chute21cam01_919.jpg,falling,1
21,01,chute21cam01_920.jpg,falling,1
21,01,chute21cam01_921.jpg,falling,1
21,02,chute21cam02_894.jpg,falling,1
21,02,chute21cam02_895.jpg,falling,1
21,02,chute21cam02_896.jpg,falling,1
21,02,chute21cam02_897.jpg,falling,1
21,02,chute21cam02_898.jpg,falling,1
21,02,chute21cam02_899.jpg,falling,1
21,02,chute21cam02_900.jpg,falling,1
21,02,chute21cam02_901.jpg,falling,1
21,02,chute21cam02_902.jpg,falling,1
21,02,chute21cam02_903.jpg,falling,1
21,02,chute21cam02_904.jpg,falling,1
21,02,chute21cam02_905.jpg,falling,1
21,02,chute21cam02_906.jpg,falling,1
21,02,chute21cam02_907.jpg,falling,1
21,02,chute21cam02_908.jpg,falling,1
21,02,chute21cam02_909.jpg,falling,1
21,02,chute21cam02_910.jpg,falling,1
21,02,chute21cam02_911.jpg,falling,1
21,02,chute21cam02_912.jpg,falling,1
21,02,chute21cam02_913.jpg,falling,1
21,02,chute21cam02_914.jpg,falling,1
21,02,chute21cam02_915.jpg,falling,1
21,02,chute21cam02_916.jpg,falling,1
21,02,chute21cam02_917.jpg,falling,1
21,02,chute21cam02_918.jpg,falling,1
21,02,chute21cam02_919.jpg,falling,1
21,02,chute21cam02_920.jpg,falling,1
21,02,chute21cam02_921.jpg,falling,1
21,02,chute21cam02_922.jpg,falling,1
21,02,chute21cam02_923.jpg,falling,1
21,02,chute21cam02_924.jpg,falling,1
21,02,chute21cam02_925.jpg,falling,1
21,02,chute21cam02_926.jpg,falling,1
21,02,chute21cam02_927.jpg,falling,1
21,02,chute21cam02_928.jpg,falling,1
21,02,chute21cam02_929.jpg,falling,1
21,02,chute21cam02_930.jpg,falling,1
21,02,chute21cam02_931.jpg,falling,1
21,03,chute21cam03_886.jpg,falling,1
21,03,chute21cam03_887.jpg,falling,1
21,03,chute21cam03_888.jpg,falling,1
21,03,chute21cam03_889.jpg,falling,1
21,03,chute21cam03_890.jpg,falling,1
21,03,chute21cam03_891.jpg,falling,1
21,03,chute21cam03_892.jpg,falling,1
21,03,chute21cam03_893.jpg,falling,1
21,03,chute21cam03_894.jpg,falling,1
21,03,chute21cam03_895.jpg,falling,1
21,03,chute21cam03_896.jpg,falling,1
21,03,chute21cam03_897.jpg,falling,1
21,03,chute21cam03_898.jpg,falling,1
21,03,chute21cam03_899.jpg,falling,1
21,03,chute21cam03_900.jpg,falling,1
21,03,chute21cam03_901.jpg,falling,1
21,03,chute21cam03_902.jpg,falling,1
21,03,chute21cam03_903.jpg,falling,1
21,03,chute21cam03_904.jpg,falling,1
21,03,chute21cam03_905.jpg,falling,1
21,03,chute21cam03_906.jpg,falling,1
21,03,chute21cam03_907.jpg,falling,1
21,03,chute21cam03_908.jpg,falling,1
21,03,chute21cam03_909.jpg,falling,1
21,03,chute21cam03_910.jpg,falling,1
21,03,chute21cam03_911.jpg,falling,1
21,03,chute21cam03_912.jpg,falling,1
21,03,chute21cam03_913.jpg,falling,1
21,03,chute21cam03_914.jpg,falling,1
21,03,chute21cam03_915.jpg,falling,1
21,03,chute21cam03_916.jpg,falling,1
21,03,chute21cam03_917.jpg,falling,1
21,03,chute21cam03_918.jpg,falling,1
21,03,chute21cam03_919.jpg,falling,1
21,03,chute21cam03_920.jpg,falling,1
21,03,chute21cam03_921.jpg,falling,1
21,03,chute21cam03_922.jpg,falling,1
21,03,chute21cam03_923.jpg,falling,1
21,04,chute21cam04_867.jpg,falling,1
21,04,chute21cam04_868.jpg,falling,1
21,04,chute21cam04_869.jpg,falling,1
21,04,chute21cam04_870.jpg,falling,1
21,04,chute21cam04_871.jpg,falling,1
21,04,chute21cam04_872.jpg,falling,1
21,04,chute21cam04_873.jpg,falling,1
21,04,chute21cam04_874.jpg,falling,1
21,04,chute21cam04_875.jpg,falling,1
21,04,chute21cam04_876.jpg,falling,1
21,04,chute21cam04_877.jpg,falling,1
21,04,chute21cam04_878.jpg,falling,1
21,04,chute21cam04_879.jpg,falling,1
21,04,chute21cam04_880.jpg,falling,1
21,04,chute21cam04_881.jpg,falling,1
21,04,chute21cam04_882.jpg,falling,1
21,04,chute21cam04_883.jpg,falling,1
21,04,chute21cam04_884.jpg,falling,1
21,04,chute21cam04_885.jpg,falling,1
21,04,chute21cam04_886.jpg,falling,1
21,04,chute21cam04_887.jpg,falling,1
21,04,chute21cam04_888.jpg,falling,1
21,04,chute21cam04_889.jpg,falling,1
21,04,chute21cam04_890.jpg,falling,1
21,04,chute21cam04_891.jpg,falling,1
21,04,chute21cam04_892.jpg,falling,1
21,04,chute21cam04_893.jpg,falling,1
21,04,chute21cam04_894.jpg,falling,1
21,04,chute21cam04_895.jpg,falling,1
21,04,chute21cam04_896.jpg,falling,1
21,04,chute21cam04_897.jpg,falling,1
21,04,chute21cam04_898.jpg,falling,1
21,04,chute21cam04_899.jpg,falling,1
21,04,chute21cam04_900.jpg,falling,1
21,04,chute21cam04_901.jpg,falling,1
21,04,chute21cam04_902.jpg,falling,1
21,04,chute21cam04_903.jpg,falling,1
21,04,chute21cam04_904.jpg,falling,1
21,05,chute21cam05_872.jpg,falling,1
21,05,chute21cam05_873.jpg,falling,1
21,05,chute21cam05_874.jpg,falling,1
21,05,chute21cam05_875.jpg,falling,1
21,05,chute21cam05_876.jpg,falling,1
21,05,chute21cam05_877.jpg,falling,1
21,05,chute21cam05_878.jpg,falling,1
21,05,chute21cam05_879.jpg,falling,1
21,05,chute21cam05_880.jpg,falling,1
21,05,chute21cam05_881.jpg,falling,1
21,05,chute21cam05_882.jpg,falling,1
21,05,chute21cam05_883.jpg,falling,1
21,05,chute21cam05_884.jpg,falling,1
21,05,chute21cam05_885.jpg,falling,1
21,05,chute21cam05_886.jpg,falling,1
21,05,chute21cam05_887.jpg,falling,1
21,05,chute21cam05_888.jpg,falling,1
21,05,chute21cam05_889.jpg,falling,1
21,05,chute21cam05_890.jpg,falling,1
21,05,chute21cam05_891.jpg,falling,1
21,05,chute21cam05_892.jpg,falling,1
21,05,chute21cam05_893.jpg,falling,1
21,05,chute21cam05_894.jpg,falling,1
21,05,chute21cam05_895.jpg,falling,1
21,05,chute21cam05_896.jpg,falling,1
21,05,chute21cam05_897.jpg,falling,1
21,05,chute21cam05_898.jpg,falling,1
21,05,chute21cam05_899.jpg,falling,1
21,05,chute21cam05_900.jpg,falling,1
21,05,chute21cam05_901.jpg,falling,1
21,05,chute21cam05_902.jpg,falling,1
21,05,chute21cam05_903.jpg,falling,1
21,05,chute21cam05_904.jpg,falling,1
21,05,chute21cam05_905.jpg,falling,1
21,05,chute21cam05_906.jpg,falling,1
21,05,chute21cam05_907.jpg,falling,1
21,05,chute21cam05_908.jpg,falling,1
21,05,chute21cam05_909.jpg,falling,1
21,06,chute21cam06_897.jpg,falling,1
21,06,chute21cam06_898.jpg,falling,1
21,06,chute21cam06_899.jpg,falling,1
21,06,chute21cam06_900.jpg,falling,1
21,06,chute21cam06_901.jpg,falling,1
21,06,chute21cam06_902.jpg,falling,1
21,06,chute21cam06_903.jpg,falling,1
21,06,chute21cam06_904.jpg,falling,1
21,06,chute21cam06_905.jpg,falling,1
21,06,chute21cam06_906.jpg,falling,1
21,06,chute21cam06_907.jpg,falling,1
21,06,chute21cam06_908.jpg,falling,1
21,06,chute21cam06_909.jpg,falling,1
21,06,chute21cam06_910.jpg,falling,1
21,06,chute21cam06_911.jpg,falling,1
21,06,chute21cam06_912.jpg,falling,1
21,06,chute21cam06_913.jpg,falling,1
21,06,chute21cam06_914.jpg,falling,1
21,06,chute21cam06_915.jpg,falling,1
21,06,chute21cam06_916.jpg,falling,1
21,06,chute21cam06_917.jpg,falling,1
21,06,chute21cam06_918.jpg,falling,1
21,06,chute21cam06_919.jpg,falling,1
21,06,chute21cam06_920.jpg,falling,1
21,06,chute21cam06_921.jpg,falling,1
21,06,chute21cam06_922.jpg,falling,1
21,06,chute21cam06_923.jpg,falling,1
21,06,chute21cam06_924.jpg,falling,1
21,06,chute21cam06_925.jpg,falling,1
21,06,chute21cam06_926.jpg,falling,1
21,06,chute21cam06_927.jpg,falling,1
21,06,chute21cam06_928.jpg,falling,1
21,06,chute21cam06_929.jpg,falling,1
21,06,chute21cam06_930.jpg,falling,1
21,06,chute21cam06_931.jpg,falling,1
21,06,chute21cam06_932.jpg,falling,1
21,06,chute21cam06_933.jpg,falling,1
21,06,chute21cam06_934.jpg,falling,1
21,07,chute21cam07_896.jpg,falling,1
21,07,chute21cam07_897.jpg,falling,1
21,07,chute21cam07_898.jpg,falling,1
21,07,chute21cam07_899.jpg,falling,1
21,07,chute21cam07_900.jpg,falling,1
21,07,chute21cam07_901.jpg,falling,1
21,07,chute21cam07_902.jpg,falling,1
21,07,chute21cam07_903.jpg,falling,1
21,07,chute21cam07_904.jpg,falling,1
21,07,chute21cam07_905.jpg,falling,1
21,07,chute21cam07_906.jpg,falling,1
21,07,chute21cam07_907.jpg,falling,1
21,07,chute21cam07_908.jpg,falling,1
21,07,chute21cam07_909.jpg,falling,1
21,07,chute21cam07_910.jpg,falling,1
21,07,chute21cam07_911.jpg,falling,1
21,07,chute21cam07_912.jpg,falling,1
21,07,chute21cam07_913.jpg,falling,1
21,07,chute21cam07_914.jpg,falling,1
21,07,chute21cam07_915.jpg,falling,1
21,07,chute21cam07_916.jpg,falling,1
21,07,chute21cam07_917.jpg,falling,1
21,07,chute21cam07_918.jpg,falling,1
21,07,chute21cam07_919.jpg,falling,1
21,07,chute21cam07_920.jpg,falling,1
21,07,chute21cam07_921.jpg,falling,1
21,07,chute21cam07_922.jpg,falling,1
21,07,chute21cam07_923.jpg,falling,1
21,07,chute21cam07_924.jpg,falling,1
21,07,chute21cam07_925.jpg,falling,1
21,07,chute21cam07_926.jpg,falling,1
21,07,chute21cam07_927.jpg,falling,1
21,07,chute21cam07_928.jpg,falling,1
21,07,chute21cam07_929.jpg,falling,1
21,07,chute21cam07_930.jpg,falling,1
21,07,chute21cam07_931.jpg,falling,1
21,07,chute21cam07_932.jpg,falling,1
21,07,chute21cam07_933.jpg,falling,1
21,08,chute21cam08_864.jpg,falling,1
21,08,chute21cam08_865.jpg,falling,1
21,08,chute21cam08_866.jpg,falling,1
21,08,chute21cam08_867.jpg,falling,1
21,08,chute21cam08_868.jpg,falling,1
21,08,chute21cam08_869.jpg,falling,1
21,08,chute21cam08_870.jpg,falling,1
21,08,chute21cam08_871.jpg,falling,1
21,08,chute21cam08_872.jpg,falling,1
21,08,chute21cam08_873.jpg,falling,1
21,08,chute21cam08_874.jpg,falling,1
21,08,chute21cam08_875.jpg,falling,1
21,08,chute21cam08_876.jpg,falling,1
21,08,chute21cam08_877.jpg,falling,1
21,08,chute21cam08_878.jpg,falling,1
21,08,chute21cam08_879.jpg,falling,1
21,08,chute21cam08_880.jpg,falling,1
21,08,chute21cam08_881.jpg,falling,1
21,08,chute21cam08_882.jpg,falling,1
21,08,chute21cam08_883.jpg,falling,1
21,08,chute21cam08_884.jpg,falling,1
21,08,chute21cam08_885.jpg,falling,1
21,08,chute21cam08_886.jpg,falling,1
21,08,chute21cam08_887.jpg,falling,1
21,08,chute21cam08_888.jpg,falling,1
21,08,chute21cam08_889.jpg,falling,1
21,08,chute21cam08_890.jpg,falling,1
21,08,chute21cam08_891.jpg,falling,1
21,08,chute21cam08_892.jpg,falling,1
21,08,chute21cam08_893.jpg,falling,1
21,08,chute21cam08_894.jpg,falling,1
21,08,chute21cam08_895.jpg,falling,1
21,08,chute21cam08_896.jpg,falling,1
21,08,chute21cam08_897.jpg,falling,1
21,08,chute21cam08_898.jpg,falling,1
21,08,chute21cam08_899.jpg,falling,1
21,08,chute21cam08_900.jpg,falling,1
21,08,chute21cam08_901.jpg,falling,1